<?xml version="1.0" encoding="UTF-8"?>
<project-private xmlns="http://www.netbeans.org/ns/project-private/1">
    <editor-bookmarks xmlns="http://www.netbeans.org/ns/editor-bookmarks/2" lastBookmarkId="0"/>
    <open-files xmlns="http://www.netbeans.org/ns/projectui-open-files/2">
        <group>
            <file>file:/C:/Users/annam/Documents/Perpus/src/perpus/KoneksiDatabase.java</file>
            <file>file:/C:/Users/annam/Documents/Perpus/src/icon/bookIcon.png</file>
            <file>file:/C:/Users/annam/Documents/Perpus/src/Data/dashboard.java</file>
            <file>file:/C:/Users/annam/Documents/Perpus/src/perpus/Perpus.java</file>
            <file>file:/C:/Users/annam/Documents/Perpus/src/perpus/Register.java</file>
            <file>file:/C:/Users/annam/Documents/Perpus/src/perpus/FormBuku.java</file>
            <file>file:/C:/Users/annam/Documents/Perpus/src/perpus/FormPengembalian.java</file>
            <file>file:/C:/Users/annam/Documents/Perpus/src/perpus/NewJFrame.java</file>
            <file>file:/C:/Users/annam/Documents/Perpus/src/perpus/FormAnggota.java</file>
            <file>file:/C:/Users/annam/Documents/Perpus/src/perpus/FormPeminjaman.java</file>
            <file>file:/C:/Users/annam/Documents/Perpus/src/perpus/Login.java</file>
            <file>file:/C:/Users/annam/Documents/Perpus/src/img/dashboard.png</file>
        </group>
    </open-files>
</project-private>
